,Features,Score
0,height,68.68894022272615
1,width,69019.13457911059
2,aratio,280.2776286168611
3,local,0.007323495867882545
4,url*images+buttons,2.2787234042553193
5,url*likesbooks.com,6.185106382978723
6,url*www.slake.com,2.4414893617021276
7,url*hydrogeologist,1.7904255319148938
8,url*oso,2.115957446808511
9,url*media,133.15338910480207
10,url*peace+images,1.7904255319148938
11,url*blipverts,98.30065359477123
12,url*tkaine+kats,4.882978723404255
13,url*labyrinth,2.4414893617021276
14,url*advertising+blipverts,98.30065359477123
15,url*images+oso,2.115957446808511
16,url*area51+corridor,2.9297872340425535
17,url*ran+gifs,1.9531914893617026
18,url*express-scripts.com,2.6042553191489364
19,url*off,1.9531914893617026
20,url*cnet,61.43790849673202
21,url*time+1998,92.15686274509804
22,url*josefina3,2.4414893617021276
23,url*truluck.com,2.2787234042553193
24,url*clawnext+gif,1.9531914893617026
25,url*autopen.com,1.9531914893617026
26,url*tvgen.com,73.72549019607843
27,url*pixs,3.25531914893617
28,url*heartland+5309,1.7904255319148938
29,url*meadows+9196,2.2787234042553193
30,url*blue,1.9531914893617026
31,url*ad+gif,37.092662703379226
32,url*area51,6.347872340425531
33,url*www.internauts.ca,4.882978723404255
34,url*afn.org,9.114893617021277
35,url*ran.org,2.767021276595745
36,url*shareware.com,61.43790849673202
37,url*baons+images,1.7904255319148938
38,url*area51+labyrinth,2.4414893617021276
39,url*pics,5.208510638297873
40,url*image+navigate,1.7904255319148938
41,url*pool+images,2.2787234042553193
42,url*carousel.org,4.5574468085106385
43,url*members.accessus.net,3.0925531914893614
44,url*cmp+flowsoft010,1.9531914893617026
45,url*smallb+gif,1.7904255319148938
46,url*www.FlowSoft.com,1.9531914893617026
47,url*kandinsky,4.231914893617022
48,url*csuhayward.edu,2.115957446808511
49,url*www.yahoo.co.uk,71.80212939785844
50,url*ibitexas.com,4.231914893617022
51,url*www.haestad.com,2.2787234042553193
52,url*antiwar.com,3.9063829787234052
53,url*www.monmouth.com,3.9063829787234052
54,url*infoserver.etl.vt.edu,1.7904255319148938
55,url*geoguideii+tour,1.627659574468085
56,url*heartland+pointe,8.626595744680852
57,url*romancebooks+pix,1.9531914893617026
58,url*468x60,73.72549019607843
59,url*ads.switchboard.com,61.43790849673202
60,url*keith+dumble,0.04474603671255744
61,url*cqi.com,4.39468085106383
62,url*images+ixfolder,3.418085106382979
63,url*chat+b,2.115957446808511
64,url*images+geoguideii,30.76276595744681
65,url*preferences.com,86.01307189542486
66,url*icsi.com,1.7904255319148938
67,url*pacific.net.sg,0.3194096787651231
68,url*monmouth.com,3.9063829787234052
69,url*wired.com,98.30065359477123
70,url*go2net,98.30065359477123
71,url*smiley+gif,3.25531914893617
72,url*navigate+b,1.7904255319148938
73,url*sunsite.unc.edu,1.4881035156379339
74,url*www.pacific.net.sg,0.6651326658322907
75,url*home+gif,1.7904255319148938
76,url*library,2.115957446808511
77,url*puc.edu,1.7904255319148938
78,url*internauts.ca,4.882978723404255
79,url*www.worlddrugstore.com,1.9531914893617026
80,url*www.ibitexas.com,4.231914893617022
81,url*ucsd.edu,2.115957446808511
82,url*pitcairn+smallb,1.7904255319148938
83,url*kats,5.696808510638298
84,url*cjackson+kandinsky,2.4414893617021276
85,url*tkaine+rings,2.6042553191489364
86,url*any+time,67.58169934640523
87,url*FlowSoft.com,1.9531914893617026
88,url*geoguideii+nh,3.0925531914893614
89,url*charlie,1.7904255319148938
90,url*heartland+meadows,3.0925531914893614
91,url*home.netscape.com,65.79678116163723
92,url*9439+butt2,1.9531914893617026
93,url*catringn+gif,2.2787234042553193
94,url*martnet,0.05064225018114757
95,url*doubleclick.net,92.15686274509804
96,url*lycos.de,79.86928104575163
97,url*catringn,2.2787234042553193
98,url*catring1,1.627659574468085
99,url*fools+pixs,3.25531914893617
100,url*logos,1.627659574468085
101,url*private,1.7904255319148938
102,url*ng+spacedesc,98.30065359477123
103,url*larx.com,1.627659574468085
104,url*site,67.58169934640523
105,url*pointe+1154,8.626595744680852
106,url*banners,17.578072590738422
107,url*pixs+smiley,3.0925531914893614
108,url*www.123greetings.com,1.9531914893617026
109,url*www.inwap.com,1.7904255319148938
110,url*cjackson,1.0657306973222702
111,url*labyrinth+9439,2.4414893617021276
112,url*generated+images,3.9063829787234052
113,url*image+ng,178.1699346405229
114,url*lolnad+private,1.7904255319148938
115,url*library+pitcairn,1.7904255319148938
116,url*www.mei.co.jp,1.627659574468085
117,url*april,3.25531914893617
118,url*derived,4.231914893617022
119,url*smiley,3.25531914893617
120,url*home,1.1826583442978937
121,url*jsd,3.9063829787234052
122,url*sonic.net,1.7904255319148938
123,url*send+b,2.115957446808511
124,url*website.ora.com,2.115957446808511
125,url*pawbutton+gif,1.627659574468085
126,url*victoria+pharmacy,1.627659574468085
127,url*keith,0.04474603671255744
128,url*pages,3.418085106382979
129,url*worlddrugstore.com,1.9531914893617026
130,url*geoguideii+email,3.0925531914893614
131,url*www.icgnet.com,1.9531914893617026
132,url*forum,3.0925531914893614
133,url*www.afn.org,9.114893617021277
134,url*time,92.15686274509804
135,url*www.ran.org,2.767021276595745
136,url*main,5.616022806285635
137,url*members+keith,0.04474603671255744
138,url*geoguideii+pages,3.0925531914893614
139,url*banner,103.57416326860186
140,url*stinky+gra,2.115957446808511
141,url*tkaine+buttons,2.4414893617021276
142,url*victoria,1.627659574468085
143,url*kbell,1.7904255319148938
144,url*www.truluck.com,2.2787234042553193
145,url*img,2.4530667419241374
146,url*pics+cats,2.6042553191489364
147,url*alley,3.7436170212765965
148,url*claw1,1.9531914893617026
149,url*pharmacy+gif,1.627659574468085
150,url*www.autopen.com,1.9531914893617026
151,url*images+img,3.9063829787234052
152,url*fbox.vt.edu,1.7904255319148938
153,url*unc.edu,1.4881035156379339
154,url*ics,1.7904255319148938
155,url*times,92.15686274509804
156,url*forums,3.25531914893617
157,url*chat,3.25531914893617
158,url*images.go2net.com,98.30065359477123
159,url*users.aol.com,1.627659574468085
160,url*malek,2.115957446808511
161,url*jsd+how,3.9063829787234052
162,url*www.cqi.com,4.39468085106383
163,url*advertising+graphics,79.86928104575163
164,url*pawbutton,1.627659574468085
165,url*pictures,2.988166211348415
166,url*grouper.com,2.4414893617021276
167,url*ads+media,184.31372549019608
168,url*www.martnet.com,0.05064225018114757
169,url*set+butt,2.115957446808511
170,url*how,4.069148936170213
171,url*www.wednet.com,0.42939144015489455
172,url*www.globec.com.au,14.32340425531915
173,url*athens,5.501203336321704
174,url*info,1.627659574468085
175,url*www.ireland-today.ie,61.43790849673202
176,url*grn+bull,1.627659574468085
177,url*sjsu.edu,3.418085106382979
178,url*www.antiwar.com,3.9063829787234052
179,url*www.puc.edu,1.7904255319148938
180,url*sponsor,102.8816316448192
181,url*www.news.com,61.43790849673202
182,url*flowsoft010,1.9531914893617026
183,url*memberbanners,47.98098247809762
184,url*red+ball,4.882978723404255
185,url*ads.msn.com,79.86928104575163
186,url*icons,10.634824780976222
187,url*images,0.040400105829084584
188,url*access.ch,1.7904255319148938
189,url*irish+times,92.15686274509804
190,url*media+images,165.8823529411765
191,url*www.adamspharmacy.com,1.7904255319148938
192,url*geocities.com,37.66836353100584
193,url*www.uk.lycos.de,67.58169934640523
194,url*copymat.com,1.627659574468085
195,url*hem1.passagen.se,4.231914893617022
196,url*meadows,3.0925531914893614
197,url*grn,1.627659574468085
198,url*gra,2.115957446808511
199,url*vt.edu,3.7436170212765965
200,url*www.express-scripts.com,2.6042553191489364
201,url*imgs,1.9531914893617026
202,url*personal,1.7904255319148938
203,url*mindlink.net,1.1393617021276596
204,url*send,3.0925531914893614
205,url*pages+b,2.115957446808511
206,url*accessus.net,3.0925531914893614
207,url*www.finest.tm.fr,1.627659574468085
208,url*geoguideii+search,3.0925531914893614
209,url*polypkem,1.7904255319148938
210,url*fools,3.25531914893617
211,url*www.larx.com,1.627659574468085
212,url*marketplace,7.3408166458072595
213,url*wco.com,3.7436170212765965
214,url*off+gif,1.9531914893617026
215,url*tkaine+bars,3.25531914893617
216,url*icgnet.com,1.9531914893617026
217,url*www.autotown.com,1.7904255319148938
218,url*generated,3.9063829787234052
219,url*9196+pawbutton,1.627659574468085
220,url*geoguideii+chat,3.0925531914893614
221,url*www.vrn.de,1.627659574468085
222,url*claw1+gif,1.9531914893617026
223,url*theinternetadvantage.com,1.7904255319148938
224,url*runofsite,79.86928104575163
225,url*romancebooks,1.9531914893617026
226,url*foxy.net,3.418085106382979
227,url*francois,2.4414893617021276
228,url*links,3.418085106382979
229,url*athens+forum,3.0925531914893614
230,url*autotown.com,1.7904255319148938
231,url*logo,1.7175657606195782
232,url*members,0.04474603671255744
233,url*auto,3.9063829787234052
234,url*afn47757,8.626595744680852
235,url*gifs,6.7501691583799825
236,url*esi,2.6042553191489364
237,url*hollywood,0.6697279006165114
238,url*forum+8078,3.0925531914893614
239,url*dept,2.4414893617021276
240,url*adamspharmacy.com,1.7904255319148938
241,url*valley,6.457791316714028
242,url*www.pacificrim.net,12.04468085106383
243,url*about,2.6042553191489364
244,url*www.likesbooks.com,6.185106382978723
245,url*bossintl.com,1.4664946326277024
246,url*images+home,12.468278696323624
247,url*wednet.com,0.42939144015489455
248,url*news.com,61.43790849673202
249,url*arvann+images,11.88191489361702
250,url*users,1.7904255319148938
251,url*netscape.com,89.90561154659699
252,url*athens+8774,3.5808510638297877
253,url*pictures+gc,3.9063829787234052
254,url*butt,2.115957446808511
255,url*e+gif,1.627659574468085
256,url*sunsetstrip+alley,3.7436170212765965
257,url*geoguideii+send,3.0925531914893614
258,url*catring1+gif,1.627659574468085
259,url*ball+gif,9.277659574468087
260,url*bull,1.627659574468085
261,url*paul.spu.edu,2.6042553191489364
262,url*rank,2.9297872340425535
263,url*2meta.com,1.4881035156379339
264,url*w+gif,10.091489361702129
265,url*aol.com,12.415699330953816
266,url*lg+gif,79.86928104575163
267,url*irish-times.com,92.15686274509804
268,url*irish,92.15686274509804
269,url*ad.doubleclick.net,92.15686274509804
270,url*ad.preferences.com,86.01307189542486
271,url*bars,3.25531914893617
272,url*forums+b,2.115957446808511
273,url*gc+icon,4.231914893617022
274,url*www.geocities.com,37.66836353100584
275,url*www.carousel.org,4.5574468085106385
276,url*ball,10.254255319148935
277,url*spu.edu,2.6042553191489364
278,url*com,77.82376500036811
279,url*cnm,4.39468085106383
280,url*htm+images,3.418085106382979
281,url*htm+cmp,2.767021276595745
282,url*cmp,4.720212765957447
283,url*link+pics,2.6042553191489364
284,url*mindspring.com,0.1327833402864692
285,url*geoguideii+logo,3.0925531914893614
286,url*psu.edu,2.115957446808511
287,url*go2net+ads,98.30065359477123
288,url*www.grouper.com,2.4414893617021276
289,url*butt2,1.9531914893617026
290,url*cat,24.405520255019628
291,url*www.dreamn.com,1.627659574468085
292,url*vbtn+gif,2.115957446808511
293,url*switchboard.com,61.43790849673202
294,url*logo+b,2.115957446808511
295,url*assets+images,1.9269575974597881
296,url*martnet.com,0.05064225018114757
297,url*buttons,0.5311333611458768
298,url*thejeep.com,7.327659922124878
299,url*auto+generated,3.9063829787234052
300,url*search+b,2.115957446808511
301,url*search,1.09303395116912
302,url*pharmacy,1.7904255319148938
303,url*assets+auto,3.9063829787234052
304,url*static.wired.com,98.30065359477123
305,url*cats,4.069148936170213
306,url*bull+gif,1.627659574468085
307,url*memberbanners+live,47.98098247809762
308,url*pitcairn,1.7904255319148938
309,url*www.access.ch,1.7904255319148938
310,url*adv+images,86.01307189542486
311,url*navigate,1.7904255319148938
312,url*runofsite+any,79.86928104575163
313,url*dejay,3.0925531914893614
314,url*bishop,4.882978723404255
315,url*email+b,2.115957446808511
316,url*www.mcs.csuhayward.edu,2.115957446808511
317,url*bin,81.2870600096526
318,url*paris,1.627659574468085
319,url*1154+graypaw,8.626595744680852
320,url*stinky,2.115957446808511
321,url*img+ads,79.86928104575163
322,url*bds,3.7436170212765965
323,url*www.wco.com,3.7436170212765965
324,url*esi+image,1.7904255319148938
325,url*vrn.de,1.627659574468085
326,url*www.toyotaofroswell.com,2.2787234042553193
327,url*www.copymat.com,1.627659574468085
328,url*www.psnw.com,2.115957446808511
329,url*go2net.com,98.30065359477123
330,url*advertising,178.1699346405229
331,url*slake.com,2.4414893617021276
332,url*www.theinternetadvantage.com,1.7904255319148938
333,url*baons,1.7904255319148938
334,url*geoguideii+rank,2.9297872340425535
335,url*butt2+gif,1.9531914893617026
336,url*tkaine,14.32340425531915
337,url*art,1.7904255319148938
338,url*lovisa1,4.231914893617022
339,url*pool,2.2787234042553193
340,url*valley+2647,6.836170212765958
341,url*any,86.01307189542486
342,url*corridor,2.9297872340425535
343,url*top,0.31987264172808616
344,url*rank+b,2.115957446808511
345,url*pacificrim.net,12.04468085106383
346,url*image,100.67622003964466
347,url*heartland+valley,6.457791316714028
348,url*tii,0.15992781380766363
349,url*123greetings.com,1.9531914893617026
350,url*adv,86.01307189542486
351,url*ads,850.0980613559348
352,url*hydrogeologist+imgs,1.7904255319148938
353,url*smallb,1.7904255319148938
354,url*members.tripod.com,0.7978832047003198
355,url*www.shareware.com,61.43790849673202
356,url*images+ads,90.64548373375217
357,url*banner+gif,101.76064080100127
358,url*vbtn,2.115957446808511
359,url*globec.com.au,14.32340425531915
360,url*www.news-observer.com,1.9531914893617026
361,url*pointe,8.626595744680852
362,url*mandypaul,3.25531914893617
363,url*bds+s,2.6042553191489364
364,url*www.ems.psu.edu,1.7904255319148938
365,url*valley+2539,0.22003514494127763
366,url*members.aol.com,10.799576640940064
367,url*yahoo.co.uk,71.80212939785844
368,url*malek+small,1.627659574468085
369,url*button,6.991497993181133
370,url*msn.com,86.01307189542486
371,url*graypaw+gif,8.626595744680852
372,url*live,47.98098247809762
373,url*haestad.com,2.2787234042553193
374,url*sanjosesabercats.com,2.2787234042553193
375,url*icon+gif,5.208510638297873
376,url*april+fools,3.25531914893617
377,url*assets,6.298039349400425
378,url*set,2.6042553191489364
379,url*link,1.3451150743985536
380,url*wc,0.02075724998128001
381,url*uk,109.00356313447365
382,url*sj,1.9531914893617026
383,url*images+set,2.2787234042553193
384,url*www.bossintl.com,1.4664946326277024
385,url*nh,3.0925531914893614
386,url*ng,221.1764705882353
387,url*counter,1.4648936170212767
388,url*lg,60.110346700737026
389,url*spacedesc,98.30065359477123
390,url*bishop+red,4.882978723404255
391,url*it,1.9996889630556711
392,url*ie,1.7904255319148938
393,url*rings,2.9297872340425535
394,url*gc,4.231914893617022
395,url*peace,1.9531914893617026
396,url*dreamn.com,1.627659574468085
397,url*ar,2.2787234042553193
398,url*ad,278.0520523785073
399,url*thumb,1.627659574468085
400,url*clawnext,1.9531914893617026
401,url*dumble,0.04474603671255744
402,url*kandinsky+t,2.4414893617021276
403,url*email,3.25531914893617
404,url*martnet+images,0.930110350356246
405,url*uk+gif,84.53223169586983
406,url*red,6.347872340425531
407,url*geoguideii+forums,3.0925531914893614
408,url*www.2meta.com,1.4881035156379339
409,url*ran,2.767021276595745
410,url*ukonline.co.uk,0.04474603671255744
411,url*passagen.se,4.5574468085106385
412,url*psnw.com,2.115957446808511
413,url*how+htm,3.418085106382979
414,url*tm.fr,1.627659574468085
415,url*sunsetstrip,4.231914893617022
416,url*ora.com,2.115957446808511
417,url*logo+gif,0.07097992861447174
418,url*marketing,40.034174993874615
419,url*toyotaofroswell.com,2.2787234042553193
420,url*heartland,18.199057573545215
421,url*ixfolder+gif,3.418085106382979
422,url*mcet.edu,1.9531914893617026
423,url*enchantedforest,0.29921846752885545
424,url*alley+6750,2.9297872340425535
425,url*news-observer.com,1.9531914893617026
426,url*ireland-today.ie,61.43790849673202
427,url*times+graphics,92.15686274509804
428,url*madamecleo,2.115957446808511
429,url*b+gif,21.15957446808511
430,url*www.irish-times.com,92.15686274509804
431,url*tripod.com,0.7978832047003198
432,url*ad+icons,92.15686274509804
433,url*button+gif,5.616022806285635
434,url*graypaw,8.626595744680852
435,url*excite.com,86.01307189542486
436,url*web.ukonline.co.uk,0.04474603671255744
437,url*polypkem+grn,1.627659574468085
438,url*gort.ucsd.edu,1.9531914893617026
439,url*lolnad,1.7904255319148938
440,url*graphics+ad,92.15686274509804
441,url*icon,8.626595744680852
442,url*falcon.sonic.net,1.7904255319148938
443,url*picts,2.767021276595745
444,url*phoenix.mcet.edu,1.9531914893617026
445,url*pix+b,1.627659574468085
446,url*www.icsi.com,1.7904255319148938
447,url*ixfolder,3.418085106382979
448,url*inwap.com,1.7904255319148938
449,url*www.cob.sjsu.edu,3.418085106382979
450,url*pix,0.6697279006165114
451,url*www.thejeep.com,7.327659922124878
452,url*tour,1.9531914893617026
453,url*www.sanjosesabercats.com,2.2787234042553193
454,url*mei.co.jp,1.627659574468085
455,url*geoguideii,30.76276595744681
456,url*small,2.4414893617021276
457,url*graphics,68.68642124494698
458,url*kbell+charlie,1.7904255319148938
459,url*zueri.ch,1.627659574468085
460,url*arvann,12.04468085106383
461,origurl*labyrinth,3.25531914893617
462,origurl*puc.edu,1.9531914893617026
463,origurl*charlie+charlie,1.9531914893617026
464,origurl*hevern+psychref,1.627659574468085
465,origurl*and,13.234295710547276
466,origurl*pterry+htm,4.882978723404255
467,origurl*bishop,4.882978723404255
468,origurl*ora.com,2.115957446808511
469,origurl*www.nyx.net,4.5574468085106385
470,origurl*www.yahoo.co.uk,79.86928104575163
471,origurl*www.truluck.com,2.2787234042553193
472,origurl*target+®ion,61.43790849673202
473,origurl*tkaine+sydkat,2.2787234042553193
474,origurl*meadows+9196,2.767021276595745
475,origurl*top,1.627659574468085
476,origurl*members.xoom.com,1.7904255319148938
477,origurl*0+rpp,79.86928104575163
478,origurl*www.thriveonline.com,73.72549019607843
479,origurl*adamspharmacy.com,1.7904255319148938
480,origurl*icsi.com,1.7904255319148938
481,origurl*tkaine+stvkat,2.2787234042553193
482,origurl*shareware.com,61.43790849673202
483,origurl*e+html,0.6697279006165114
484,origurl*www.123greetings.com,0.0009615193595168572
485,origurl*lofts+7119,0.54651697558456
486,origurl*likesbooks.com,6.185106382978723
487,origurl*gort.ucsd.edu,1.9531914893617026
488,origurl*users.aol.com,1.627659574468085
489,origurl*www.innotts.co.uk,2.115957446808511
490,origurl*roll.com,1.627659574468085
491,origurl*web.ukonline.co.uk,0.04474603671255744
492,origurl*events,0.0009615193595168572
493,origurl*www.2meta.com,1.4881035156379339
494,origurl*chuck+html,2.6042553191489364
495,origurl*paris,1.6328899128961707
496,origurl*chapel,0.22003514494127763
497,origurl*tii,0.15992781380766363
498,origurl*how+title,3.9063829787234052
499,origurl*www.news-observer.com,0.6697279006165114
500,origurl*alley,3.7647802422781567
501,origurl*april+fools,1.4881035156379339
502,origurl*carousel,2.2787234042553193
503,origurl*www.haestad.com,2.2787234042553193
504,origurl*title+html,3.9063829787234052
505,origurl*lemoyne.edu,1.627659574468085
506,origurl*plains+5257,0.04151449996256002
507,origurl*psychref,1.627659574468085
508,origurl*jun,55.294117647058826
509,origurl*www.interchg.ubc.ca,1.627659574468085
510,origurl*ukonline.co.uk,0.04474603671255744
511,origurl*www.lycos.co.uk,79.86928104575163
512,origurl*lolnad+private,1.7904255319148938
513,origurl*ibitexas.com,4.231914893617022
514,origurl*wco.com,3.7436170212765965
515,origurl*jsd,3.9063829787234052
516,origurl*www.rock.n.roll.com,1.627659574468085
517,origurl*antiwar.com,3.9063829787234052
518,origurl*target,61.43790849673202
519,origurl*phoenix.mcet.edu,1.9531914893617026
520,origurl*index,2.5329418120306637
521,origurl*1154+index,8.626595744680852
522,origurl*pharmacy,1.7904255319148938
523,origurl*coltrane,1.3451150743985536
524,origurl*website.ora.com,2.115957446808511
525,origurl*index+htm,4.79234961013929
526,origurl*dept,2.4414893617021276
527,origurl*area51+labyrinth,3.25531914893617
528,origurl*irish-times.com,92.15686274509804
529,origurl*mandypaul,1.779239750170806
530,origurl*pointe,8.626595744680852
531,origurl*plato+htm,1.9531914893617026
532,origurl*arvann,12.207446808510637
533,origurl*®ion+0,61.43790849673202
534,origurl*chapel+safehaven,0.22003514494127763
535,origurl*worldvillage.com,0.22003514494127763
536,origurl*nf+htm,2.2787234042553193
537,origurl*www.martnet.com,0.05064225018114757
538,origurl*hem1.passagen.se,5.045744680851064
539,origurl*worlddrugstore.com,1.9531914893617026
540,origurl*www.globec.com.au,14.32340425531915
541,origurl*athens+8774,3.5808510638297877
542,origurl*times+paper,73.72549019607843
543,origurl*actup,1.627659574468085
544,origurl*inwap,1.7904255319148938
545,origurl*main,0.250815751832648
546,origurl*www.larx.com,1.627659574468085
547,origurl*dumble+contents,0.04474603671255744
548,origurl*geocities.com,41.206683271581234
549,origurl*4301+misfits2,2.2787234042553193
550,origurl*kattsida,5.045744680851064
551,origurl*members.aol.com,9.574939344114785
552,origurl*spu.edu,2.6042553191489364
553,origurl*sunsite.unc.edu,1.4881035156379339
554,origurl*valley+2647,6.241150598454787
555,origurl*josefina3,2.4414893617021276
556,origurl*tkaine,14.32340425531915
557,origurl*bonchin+cat,1.627659574468085
558,origurl*chopin+htm,1.6328899128961707
559,origurl*punkie,3.7436170212765965
560,origurl*ubc.ca,1.627659574468085
561,origurl*links+nf,2.2787234042553193
562,origurl*misfits2,2.2787234042553193
563,origurl*area51+vault,0.31987264172808616
564,origurl*kitty,1.6328899128961707
565,origurl*plato,1.9531914893617026
566,origurl*hollywood+7735,0.54651697558456
567,origurl*link,2.9297872340425535
568,origurl*www.monmouth.com,3.9063829787234052
569,origurl*hist,0.8138297872340425
570,origurl*members.tripod.com,0.0014422790392752825
571,origurl*www.ibitexas.com,4.231914893617022
572,origurl*cgidir+dll,61.43790849673202
573,origurl*heartland,21.49799727095693
574,origurl*pages+catscats,12.207446808510637
575,origurl*tkaine+linda,3.25531914893617
576,origurl*crawler,79.86928104575163
577,origurl*paul.spu.edu,2.6042553191489364
578,origurl*bishop+pterry,4.882978723404255
579,origurl*carousel.org,4.5574468085106385
580,origurl*romance,0.1327833402864692
581,origurl*nyx.net,4.5574468085106385
582,origurl*hollywood,3.452821132624932
583,origurl*simonc,2.115957446808511
584,origurl*sox,3.7436170212765965
585,origurl*www.cob.sjsu.edu,3.418085106382979
586,origurl*timeout+5,79.86928104575163
587,origurl*leonora,1.4881035156379339
588,origurl*fh-rpl.de,0.15992781380766363
589,origurl*vt.edu,3.7436170212765965
590,origurl*ucsd.edu,2.115957446808511
591,origurl*www.carousel.org,4.5574468085106385
592,origurl*www.antiwar.com,3.9063829787234052
593,origurl*FlowSoft.com,1.9531914893617026
594,origurl*kbell+charlie,1.9531914893617026
595,origurl*www.likesbooks.com,6.185106382978723
596,origurl*labyrinth+9439,3.25531914893617
597,origurl*www.icsi.com,1.7904255319148938
598,origurl*events+aprilfoolsday,0.0009615193595168572
599,origurl*tii+tii,0.15992781380766363
600,origurl*athens+forum,3.0925531914893614
601,origurl*library,0.0009615193595168572
602,origurl*valley,6.807848211164858
603,origurl*ics+ikenobo,1.7904255319148938
604,origurl*unc.edu,1.4881035156379339
605,origurl*kandin,2.115957446808511
606,origurl*bordeaux,1.627659574468085
607,origurl*charlie,1.9531914893617026
608,origurl*6750+paws,2.988166211348415
609,origurl*cccats,0.6697279006165114
610,origurl*linda+htm,3.25531914893617
611,origurl*2647+coltrane,1.3451150743985536
612,origurl*vault+3440,0.31987264172808616
613,origurl*victoria+pharmacy,1.7904255319148938
614,origurl*wv,0.22003514494127763
615,origurl*kandin+html,2.115957446808511
616,origurl*soho+lofts,0.54651697558456
617,origurl*sunsetstrip+alley,3.7647802422781567
618,origurl*slake.com,2.4414893617021276
619,origurl*autotown.com,1.7904255319148938
620,origurl*www.sanjosesabercats.com,2.4414893617021276
621,origurl*infoserver.etl.vt.edu,1.7904255319148938
622,origurl*kushmerick,92.15686274509804
623,origurl*www.toyotaofroswell.com,2.2787234042553193
624,origurl*turbo,0.930110350356246
625,origurl*sw,67.58169934640523
626,origurl*hills,0.22003514494127763
627,origurl*st,110.58823529411765
628,origurl*mogwhi,2.767021276595745
629,origurl*sj,1.9531914893617026
630,origurl*pointe+1154,8.626595744680852
631,origurl*monmouth.com,3.9063829787234052
632,origurl*mei.co.jp,1.627659574468085
633,origurl*sonic.net,1.9531914893617026
634,origurl*safehaven+index,0.22003514494127763
635,origurl*simonc+cybermog,2.115957446808511
636,origurl*messier,1.627659574468085
637,origurl*cybercats,1.627659574468085
638,origurl*search,126.34865693227647
639,origurl*heartland+5309,1.7904255319148938
640,origurl*psnw.com,2.4414893617021276
641,origurl*keith+dumble,0.04474603671255744
642,origurl*links,2.9297872340425535
643,origurl*nav,61.43790849673202
644,origurl*nf,2.2787234042553193
645,origurl*sunsetstrip,3.921310045965866
646,origurl*kandinsky,2.834332035414639
647,origurl*meadows+3727,0.930110350356246
648,origurl*www.afn.org,9.114893617021277
649,origurl*southbeach,0.54651697558456
650,origurl*pacific.net.sg,0.3194096787651231
651,origurl*heartland+pointe,8.626595744680852
652,origurl*valley+2539,0.7471341955221804
653,origurl*catscats+html,12.207446808510637
654,origurl*horn+html,2.4414893617021276
655,origurl*area51,5.485007151796889
656,origurl*pages,5.238723597886951
657,origurl*chopin,1.6328899128961707
658,origurl*it,12.468278696323624
659,origurl*bonchin,1.627659574468085
660,origurl*www.worldvillage.com,0.22003514494127763
661,origurl*00+html,98.30065359477123
662,origurl*vrn.de,1.627659574468085
663,origurl*home.netscape.com,79.86928104575163
664,origurl*simstory+html,0.02075724998128001
665,origurl*biopic+htm,1.7904255319148938
666,origurl*dll,61.43790849673202
667,origurl*cmeese+malibu,4.5574468085106385
668,origurl*ics,1.7904255319148938
669,origurl*linda,3.25531914893617
670,origurl*fr,0.07097992861447174
671,origurl*private+biopic,1.7904255319148938
672,origurl*corridor+4590,1.7904255319148938
673,origurl*leonora+html,1.4881035156379339
674,origurl*dejay,3.0925531914893614
675,origurl*aprilfoolsday,0.0009615193595168572
676,origurl*fools,0.6397452834561723
677,origurl*biopic,1.7904255319148938
678,origurl*lofts,0.54651697558456
679,origurl*heartland+plains,0.04151449996256002
680,origurl*passagen.se,5.045744680851064
681,origurl*djang,1.627659574468085
682,origurl*5257+timstory,0.02075724998128001
683,origurl*5+hpe,61.43790849673202
684,origurl*cybermog+htm,2.115957446808511
685,origurl*area51+corridor,3.7647802422781567
686,origurl*yosemite+4301,2.2787234042553193
687,origurl*wosc+html,1.627659574468085
688,origurl*rpp,79.86928104575163
689,origurl*personal,1.627659574468085
690,origurl*express-scripts.com,2.6042553191489364
691,origurl*madamecleo,0.6697279006165114
692,origurl*malibu,4.5574468085106385
693,origurl*sjsu.edu,3.418085106382979
694,origurl*news,89.71681566243518
695,origurl*www.ems.psu.edu,1.7904255319148938
696,origurl*7735+mcp,0.54651697558456
697,origurl*sox+htm,3.7436170212765965
698,origurl*mcet.edu,1.9531914893617026
699,origurl*punkie+htm,3.7436170212765965
700,origurl*midnite,6.6734042553191495
701,origurl*foxy.net,3.7436170212765965
702,origurl*maple.lemoyne.edu,1.627659574468085
703,origurl*times,92.15686274509804
704,origurl*news.com,61.43790849673202
705,origurl*4010+index,0.02075724998128001
706,origurl*www.slake.com,2.4414893617021276
707,origurl*larx.com,1.627659574468085
708,origurl*www.FlowSoft.com,1.9531914893617026
709,origurl*paper,73.72549019607843
710,origurl*members+keith,0.04474603671255744
711,origurl*paper+1998,73.72549019607843
712,origurl*inwap.com,1.7904255319148938
713,origurl*www.tkz.fh-rpl.de,0.15992781380766363
714,origurl*members.accessus.net,3.0925531914893614
715,origurl*kattsida+html,5.045744680851064
716,origurl*cjackson+kandinsky,1.0657306973222702
717,origurl*main+htm,1.779239750170806
718,origurl*www.mei.co.jp,1.627659574468085
719,origurl*www.adamspharmacy.com,1.7904255319148938
720,origurl*20+timeout,79.86928104575163
721,origurl*corridor+5139,2.075879293561396
722,origurl*falcon.sonic.net,1.9531914893617026
723,origurl*lycos.co.uk,79.86928104575163
724,origurl*ran,2.767021276595745
725,origurl*afn47757+midnite,6.6734042553191495
726,origurl*www.vrn.de,1.627659574468085
727,origurl*5309+index,1.7904255319148938
728,origurl*stvkat+htm,2.2787234042553193
729,origurl*hpe,61.43790849673202
730,origurl*wv+square,0.22003514494127763
731,origurl*keith,0.04474603671255744
732,origurl*www.pacificrim.net,12.207446808510637
733,origurl*how,3.9063829787234052
734,origurl*www.metacrawler.com,86.01307189542486
735,origurl*pacificrim.net,12.207446808510637
736,origurl*5257+simstory,0.02075724998128001
737,origurl*cmeese,4.5574468085106385
738,origurl*metacrawler.com,104.44444444444446
739,origurl*catscats,12.207446808510637
740,origurl*wosc,1.627659574468085
741,origurl*xoom.com,1.7904255319148938
742,origurl*innotts.co.uk,2.115957446808511
743,origurl*paris+3963,1.4881035156379339
744,origurl*general+kushmerick,61.43790849673202
745,origurl*mindlink.net,1.1393617021276596
746,origurl*cybermog,2.115957446808511
747,origurl*kerouac+htm,1.779239750170806
748,origurl*internauts.ca,4.882978723404255
749,origurl*mcp,0.54651697558456
750,origurl*martnet.com,0.05064225018114757
751,origurl*toyotaofroswell.com,2.2787234042553193
752,origurl*msheryl,1.627659574468085
753,origurl*vault,0.31987264172808616
754,origurl*malibu+html,4.5574468085106385
755,origurl*jsd+how,3.9063829787234052
756,origurl*polypkem+index,1.7904255319148938
757,origurl*corridor,3.7647802422781567
758,origurl*zoe+html,3.7436170212765965
759,origurl*afn.org,9.114893617021277
760,origurl*theinternetadvantage.com,1.7904255319148938
761,origurl*coltrane+htm,1.3451150743985536
762,origurl*timeout,79.86928104575163
763,origurl*8078+home,3.0925531914893614
764,origurl*turbo+html,0.930110350356246
765,origurl*heartland+meadows,3.452821132624932
766,origurl*news-observer.com,0.6697279006165114
767,origurl*www.psnw.com,2.4414893617021276
768,origurl*contents+html,0.04474603671255744
769,origurl*tkaine+mogwhi,2.767021276595745
770,origurl*stanford.edu,1.627659574468085
771,origurl*www.bossintl.com,1.4664946326277024
772,origurl*general,79.86928104575163
773,origurl*switchboard.com,61.43790849673202
774,origurl*cgidir,61.43790849673202
775,origurl*access.ch,1.7904255319148938
776,origurl*sydkat+htm,2.2787234042553193
777,origurl*hotsprings,0.31987264172808616
778,origurl*baons,1.7904255319148938
779,origurl*peace,1.9531914893617026
780,origurl*2647+chopin,1.6328899128961707
781,origurl*www.worlddrugstore.com,1.9531914893617026
782,origurl*actup+index,1.627659574468085
783,origurl*bin+cgidir,61.43790849673202
784,origurl*www.internauts.ca,4.882978723404255
785,origurl*library+pitcairn,1.9531914893617026
786,origurl*inwap+cats,1.7904255319148938
787,origurl*lolnad,1.7904255319148938
788,origurl*pterry,5.045744680851064
789,origurl*lovisa1,5.045744680851064
790,origurl*www.dreamn.com,1.627659574468085
791,origurl*polypkem,1.7904255319148938
792,origurl*tm.fr,1.627659574468085
793,origurl*athens,7.650000000000002
794,origurl*copymat.com,1.627659574468085
795,origurl*soho,1.0657306973222702
796,origurl*victoria,1.7904255319148938
797,origurl*bossintl.com,1.4664946326277024
798,origurl*westhollywood,0.029830691141704915
799,origurl*private,1.7904255319148938
800,origurl*cat,10.430726316392224
801,origurl*cats+htm,2.9297872340425535
802,origurl*malek+kandin,2.115957446808511
803,origurl*yosemite,2.767021276595745
804,origurl*www.inwap.com,1.7904255319148938
805,origurl*afn47757+plato,1.9531914893617026
806,origurl*timstory,0.02075724998128001
807,origurl*excite.com,110.58823529411765
808,origurl*forum+8078,3.0925531914893614
809,origurl*cats,7.975531914893616
810,origurl*kitty+and,0.54651697558456
811,origurl*dreamn.com,1.627659574468085
812,origurl*irish+times,92.15686274509804
813,origurl*crawler+general,79.86928104575163
814,origurl*bordeaux+actup,1.627659574468085
815,origurl*hotsprings+4527,0.22003514494127763
816,origurl*kbell,1.9531914893617026
817,origurl*stinky+cats,2.4414893617021276
818,origurl*plains,0.04151449996256002
819,origurl*netscape.com,110.58823529411765
820,origurl*csuhayward.edu,2.115957446808511
821,origurl*safehaven,0.22003514494127763
822,origurl*tripod.com,0.0014422790392752825
823,origurl*alley+6750,2.988166211348415
824,origurl*sanjosesabercats.com,2.4414893617021276
825,origurl*www.news.com,61.43790849673202
826,origurl*mogwhi+htm,2.767021276595745
827,origurl*www.theinternetadvantage.com,1.7904255319148938
828,origurl*thejeep.com,6.521327585407685
829,origurl*3963+leonora,1.4881035156379339
830,origurl*www.wednet.com,0.42939144015489455
831,origurl*autopen.com,0.005507347146896592
832,origurl*charlie+html,1.9531914893617026
833,origurl*forum,3.0925531914893614
834,origurl*kaitlin,1.4881035156379339
835,origurl*april,1.4881035156379339
836,origurl*grouper.com,2.4414893617021276
837,origurl*www.ran.org,2.767021276595745
838,origurl*sydkat,2.2787234042553193
839,origurl*heartland+6712,1.627659574468085
840,origurl*rpp+20,79.86928104575163
841,origurl*2647+kaitlin,1.4881035156379339
842,origurl*psychref+html,1.627659574468085
843,origurl*josefina3+horn,2.4414893617021276
844,origurl*malek,2.115957446808511
845,origurl*stvkat,2.2787234042553193
846,origurl*timstory+html,0.02075724998128001
847,origurl*corp,1.627659574468085
848,origurl*story,55.294117647058826
849,origurl*thriveonline.com,73.72549019607843
850,origurl*bds+punkie,3.7436170212765965
851,origurl*zoe,3.7436170212765965
852,origurl*kerouac,1.779239750170806
853,origurl*123greetings.com,0.0009615193595168572
854,origurl*2647+kerouac,1.779239750170806
855,origurl*www.access.ch,1.7904255319148938
856,origurl*www.express-scripts.com,2.6042553191489364
857,origurl*paws,2.988166211348415
858,origurl*wednet.com,0.42939144015489455
859,origurl*francois,2.4414893617021276
860,origurl*zdnet.com,61.43790849673202
861,origurl*simstory,0.02075724998128001
862,origurl*www.puc.edu,1.9531914893617026
863,origurl*www.irish-times.com,92.15686274509804
864,origurl*www.copymat.com,1.627659574468085
865,origurl*cjackson,1.0657306973222702
866,origurl*kaitlin+htm,1.4881035156379339
867,origurl*tori+html,0.54651697558456
868,origurl*southbeach+7597,0.54651697558456
869,origurl*home+html,10.091489361702129
870,origurl*hpe+10,61.43790849673202
871,origurl*pad+htm,2.988166211348415
872,origurl*psu.edu,2.115957446808511
873,origurl*www.shareware.com,61.43790849673202
874,origurl*bin,213.2571812738897
875,origurl*arvann+pages,12.207446808510637
876,origurl*tori,0.54651697558456
877,origurl*dumble,0.04474603671255744
878,origurl*www.icgnet.com,1.9531914893617026
879,origurl*romancebooks,1.9531914893617026
880,origurl*3727+turbo,0.930110350356246
881,origurl*football,0.15992781380766363
882,origurl*msheryl+djang,1.627659574468085
883,origurl*zueri.ch,1.627659574468085
884,origurl*aol.com,11.161451887959366
885,origurl*bds,3.7436170212765965
886,origurl*cat+html,1.627659574468085
887,origurl*and+tori,0.54651697558456
888,origurl*hollywood+9662,2.767021276595745
889,origurl*djang+html,1.627659574468085
890,origurl*yahoo.co.uk,86.01307189542486
891,origurl*truluck.com,2.2787234042553193
892,origurl*shtml,0.014145336899883034
893,origurl*link+chuck,2.6042553191489364
894,origurl*members,0.04474603671255744
895,origurl*www.thejeep.com,6.521327585407685
896,origurl*2meta.com,1.4881035156379339
897,origurl*cats+html,3.25531914893617
898,origurl*www.autopen.com,0.005507347146896592
899,origurl*hevern,1.627659574468085
900,origurl*ikenobo,1.7904255319148938
901,origurl*accessus.net,3.0925531914893614
902,origurl*www.wco.com,3.7436170212765965
903,origurl*contents,0.5913291721489469
904,origurl*pitcairn,1.9531914893617026
905,origurl*westhollywood+4010,0.02075724998128001
906,origurl*messier+html,1.627659574468085
907,origurl*icgnet.com,1.9531914893617026
908,origurl*mandypaul+main,1.779239750170806
909,origurl*links+carousel,2.2787234042553193
910,origurl*square+chapel,0.22003514494127763
911,origurl*www.grouper.com,2.4414893617021276
912,origurl*6712+cats,1.627659574468085
913,origurl*www.MeissnerChevrolet.autotown.com,1.7904255319148938
914,origurl*globec.com.au,14.32340425531915
915,origurl*meadows,3.452821132624932
916,origurl*afn47757,8.626595744680852
917,origurl*www.geocities.com,41.206683271581234
918,origurl*haestad.com,2.2787234042553193
919,origurl*midnite+htm,6.6734042553191495
920,origurl*tkaine+sox,3.7436170212765965
921,origurl*lovisa1+kattsida,5.045744680851064
922,origurl*fr+bordeaux,1.627659574468085
923,origurl*mindspring.com,0.22003514494127763
924,origurl*7597+kitty,0.54651697558456
925,origurl*wired.com,67.58169934640523
926,origurl*paws+pad,2.988166211348415
927,origurl*irish,92.15686274509804
928,origurl*square,0.31987264172808616
929,origurl*pad,2.988166211348415
930,origurl*method,79.86928104575163
931,origurl*www.mcs.csuhayward.edu,2.115957446808511
932,origurl*www.pacific.net.sg,0.6651326658322907
933,origurl*chuck,2.6042553191489364
934,origurl*ran.org,2.767021276595745
935,origurl*misfits2+htm,2.2787234042553193
936,origurl*stinky,2.4414893617021276
937,origurl*horn,2.4414893617021276
938,origurl*heartland+valley,6.807848211164858
939,origurl*heartland+hills,0.1327833402864692
940,origurl*www.finest.tm.fr,1.627659574468085
941,origurl*carousel+links,2.2787234042553193
942,origurl*kushmerick+method,61.43790849673202
943,origurl*txt,61.43790849673202
944,origurl*method+0,61.43790849673202
945,origurl*title,0.8587828803097891
946,origurl*fbox.vt.edu,1.7904255319148938
947,origurl*index+html,10.242319942332642
948,origurl*asp,120.26024312798405
949,origurl*mcp+htm,0.54651697558456
950,origurl*home,8.502996106243916
951,origurl*netcenter,67.58169934640523
952,origurl*hydrogeologist,1.7904255319148938
953,origurl*2539+index,0.7471341955221804
954,origurl*teams,0.1327833402864692
955,origurl*®ion,61.43790849673202
956,ancurl*search+direct,3.0925531914893614
957,ancurl*likesbooks.com,5.208510638297873
958,ancurl*mirror,2.115957446808511
959,ancurl*www.slake.com,2.4414893617021276
960,ancurl*cnet+cat,147.45098039215685
961,ancurl*hydrogeologist,1.7904255319148938
962,ancurl*geoguide,10.742553191489362
963,ancurl*2fcrawler,61.43790849673202
964,ancurl*clawring+htm,2.115957446808511
965,ancurl*tkaine+kats,5.371276595744681
966,ancurl*labyrinth,1.7904255319148938
967,ancurl*clickthru+clickid,147.45098039215685
968,ancurl*redirect,616.1754708351916
969,ancurl*com+ads,92.15686274509804
970,ancurl*area51+corridor,2.767021276595745
971,ancurl*express-scripts.com,1.9531914893617026
972,ancurl*cnet,159.73856209150327
973,ancurl*time+1998,36.86274509803921
974,ancurl*josefina3,1.9531914893617026
975,ancurl*truluck.com,1.9531914893617026
976,ancurl*cgiadman,61.43790849673202
977,ancurl*linkpg+htm,8.626595744680852
978,ancurl*geoguide+rank,2.9297872340425535
979,ancurl*area51,3.452821132624932
980,ancurl*www.internauts.ca,1.627659574468085
981,ancurl*afn.org,5.371276595744681
982,ancurl*www.microsoft.com,4.39468085106383
983,ancurl*nph,153.59477124183007
984,ancurl*ran.org,2.767021276595745
985,ancurl*comprod+mirror,1.9531914893617026
986,ancurl*shareware.com,61.43790849673202
987,ancurl*jump,59.81121044162347
988,ancurl*area51+labyrinth,1.7904255319148938
989,ancurl*pics,3.7436170212765965
990,ancurl*nsads.hotwired.com,122.87581699346404
991,ancurl*new,1.4648936170212767
992,ancurl*net,42.75722912187243
993,ancurl*relocate+ad,116.73202614379088
994,ancurl*sendform,3.0925531914893614
995,ancurl*carousel.org,3.418085106382979
996,ancurl*members.accessus.net,2.4414893617021276
997,ancurl*home+htm,1.627659574468085
998,ancurl*index+html,0.09164666302964199
999,ancurl*www.FlowSoft.com,1.9531914893617026
1000,ancurl*kandinsky,4.39468085106383
1001,ancurl*csuhayward.edu,2.115957446808511
1002,ancurl*www.yahoo.co.uk,71.80212939785844
1003,ancurl*ibitexas.com,3.7436170212765965
1004,ancurl*www.monmouth.com,3.9063829787234052
1005,ancurl*infoserver.etl.vt.edu,1.7904255319148938
1006,ancurl*heartland+pointe,6.937693073683374
1007,ancurl*msn,98.30065359477123
1008,ancurl*468x60,98.30065359477123
1009,ancurl*bin+click,89.90561154659699
1010,ancurl*general,67.58169934640523
1011,ancurl*keith+dumble,0.08291364205256563
1012,ancurl*cqi.com,3.7436170212765965
1013,ancurl*heartland+plains,0.1327833402864692
1014,ancurl*redir,54.04925917497882
1015,ancurl*webring.org,13.346808510638299
1016,ancurl*uk+sv,67.58169934640523
1017,ancurl*mem,61.43790849673202
1018,ancurl*next,10.905319148936172
1019,ancurl*pacific.net.sg,2.401628598247809
1020,ancurl*monmouth.com,3.9063829787234052
1021,ancurl*news,0.029830691141704915
1022,ancurl*adclick,239.60784313725492
1023,ancurl*default,4.658091132434061
1024,ancurl*exe+cid,98.30065359477123
1025,ancurl*claw,2.2787234042553193
1026,ancurl*bin+webring,13.184042553191489
1027,ancurl*emailbox,1.627659574468085
1028,ancurl*sunsite.unc.edu,3.25531914893617
1029,ancurl*exec+obidos,0.07097992861447174
1030,ancurl*obidos,0.07097992861447174
1031,ancurl*www.pacific.net.sg,2.9614007641130367
1032,ancurl*library,2.2787234042553193
1033,ancurl*puc.edu,1.7904255319148938
1034,ancurl*internauts.ca,1.627659574468085
1035,ancurl*n+a,122.87581699346404
1036,ancurl*www.ibitexas.com,3.7436170212765965
1037,ancurl*ucsd.edu,1.9531914893617026
1038,ancurl*kats,5.371276595744681
1039,ancurl*cjackson+kandinsky,2.6042553191489364
1040,ancurl*clickid,165.8823529411765
1041,ancurl*any+time,36.86274509803921
1042,ancurl*1+cid,61.43790849673202
1043,ancurl*ring,14.32340425531915
1044,ancurl*FlowSoft.com,1.9531914893617026
1045,ancurl*nph+adclick,92.15686274509804
1046,ancurl*adclick+exe,141.30718954248368
1047,ancurl*event,469.4820957609907
1048,ancurl*general+site,61.43790849673202
1049,ancurl*2fclick,73.72549019607843
1050,ancurl*home.netscape.com,5.803095093614494
1051,ancurl*bin+homestead,1.627659574468085
1052,ancurl*click+runid,196.60130718954247
1053,ancurl*martnet,0.29921846752885545
1054,ancurl*doubleclick.net,73.72549019607843
1055,ancurl*st+uk,67.58169934640523
1056,ancurl*catring+html,2.2787234042553193
1057,ancurl*ng+spacedesc,92.15686274509804
1058,ancurl*familyid,294.9019607843137
1059,ancurl*yahoo,71.87876859963843
1060,ancurl*site,204.05329148207747
1061,ancurl*redirect+dll,79.86928104575163
1062,ancurl*pointe+1154,8.626595744680852
1063,ancurl*home+html,0.2655666805729384
1064,ancurl*www.123greetings.com,1.9531914893617026
1065,ancurl*cat+general,61.43790849673202
1066,ancurl*www.inwap.com,1.7904255319148938
1067,ancurl*cjackson,2.767021276595745
1068,ancurl*labyrinth+9439,1.7904255319148938
1069,ancurl*library+pitcairn,1.7904255319148938
1070,ancurl*www.mei.co.jp,1.627659574468085
1071,ancurl*april,2.4414893617021276
1072,ancurl*comprod,1.9531914893617026
1073,ancurl*ukie,86.01307189542486
1074,ancurl*home,0.6929732536040422
1075,ancurl*www.lycos.co.uk,73.72549019607843
1076,ancurl*jsd,3.9063829787234052
1077,ancurl*ans+entry,2.115957446808511
1078,ancurl*keith,0.08291364205256563
1079,ancurl*www.icgnet.com,1.627659574468085
1080,ancurl*forum,3.0925531914893614
1081,ancurl*redirect+cgi,42.027102059392426
1082,ancurl*www.afn.org,5.371276595744681
1083,ancurl*geoguide+emailme,3.0925531914893614
1084,ancurl*time,43.00653594771243
1085,ancurl*www.ran.org,2.767021276595745
1086,ancurl*main,0.02075724998128001
1087,ancurl*members+keith,3.5808510638297877
1088,ancurl*http+ad,36.86274509803921
1089,ancurl*2f+2fwww,309.9374465556694
1090,ancurl*ad+bin,66.22066525464521
1091,ancurl*www.amazon.com,1.627659574468085
1092,ancurl*4+mem,61.43790849673202
1093,ancurl*www.truluck.com,1.9531914893617026
1094,ancurl*bridalinfo,0.8138297872340425
1095,ancurl*pics+cats,2.6042553191489364
1096,ancurl*direct,3.1908198004707535
1097,ancurl*image+http,92.15686274509804
1098,ancurl*fbox.vt.edu,1.7904255319148938
1099,ancurl*unc.edu,3.25531914893617
1100,ancurl*d+ukie,86.01307189542486
1101,ancurl*forums,3.418085106382979
1102,ancurl*co+uk,84.53223169586983
1103,ancurl*e+html,1.627659574468085
1104,ancurl*inwap+cats,1.7904255319148938
1105,ancurl*malek,2.115957446808511
1106,ancurl*jsd+how,3.9063829787234052
1107,ancurl*www.cqi.com,3.7436170212765965
1108,ancurl*redirect+http,451.0665001479771
1109,ancurl*name,0.07044140142498384
1110,ancurl*1+d,86.01307189542486
1111,ancurl*kat001,1.9531914893617026
1112,ancurl*magic+adclick,92.15686274509804
1113,ancurl*grouper.com,2.115957446808511
1114,ancurl*readersndex+com,1.4648936170212767
1115,ancurl*excite+468x60,30.71895424836601
1116,ancurl*click+ng,141.30718954248368
1117,ancurl*www.martnet.com,0.0009615193595168572
1118,ancurl*http+2f,451.0665001479771
1119,ancurl*direct+topic,3.0925531914893614
1120,ancurl*how,3.9063829787234052
1121,ancurl*www.wednet.com,0.31987264172808616
1122,ancurl*www.globec.com.au,10.905319148936172
1123,ancurl*athens,2.2692827370549526
1124,ancurl*info,0.8900548762876672
1125,ancurl*schwab,24.57516339869281
1126,ancurl*sjsu.edu,3.0925531914893614
1127,ancurl*www.puc.edu,1.7904255319148938
1128,ancurl*a+uk,67.58169934640523
1129,ancurl*www.news.com,61.43790849673202
1130,ancurl*2fclick+ng,61.43790849673202
1131,ancurl*ads.msn.com,92.15686274509804
1132,ancurl*images,10.905319148936172
1133,ancurl*access.ch,1.627659574468085
1134,ancurl*home+ring,2.115957446808511
1135,ancurl*plug.go2net.com,92.15686274509804
1136,ancurl*geocities.com,32.93329852722881
1137,ancurl*geoguide+tour,1.627659574468085
1138,ancurl*copymat.com,1.627659574468085
1139,ancurl*www.webring.org,13.184042553191489
1140,ancurl*groupid+1,215.03267973856208
1141,ancurl*gif+pk,79.86928104575163
1142,ancurl*dll+cid,79.86928104575163
1143,ancurl*adid,524.7351933744342
1144,ancurl*vt.edu,3.7436170212765965
1145,ancurl*worlddrug.com,1.9531914893617026
1146,ancurl*edition,165.8823529411765
1147,ancurl*www.express-scripts.com,1.9531914893617026
1148,ancurl*personal,0.1327833402864692
1149,ancurl*gid,92.15686274509804
1150,ancurl*bin+geoguide,10.742553191489362
1151,ancurl*mindlink.net,1.1393617021276596
1152,ancurl*accessus.net,2.4414893617021276
1153,ancurl*type,524.7351933744342
1154,ancurl*ng+type,463.3434324155194
1155,ancurl*polypkem,1.7904255319148938
1156,ancurl*fools,2.4414893617021276
1157,ancurl*bin+cgiadman,61.43790849673202
1158,ancurl*marketplace,0.15992781380766363
1159,ancurl*wco.com,3.5808510638297877
1160,ancurl*links+html,1.9531914893617026
1161,ancurl*tkaine+bars,3.25531914893617
1162,ancurl*icgnet.com,1.627659574468085
1163,ancurl*www.autotown.com,1.7904255319148938
1164,ancurl*adcount+plx,86.01307189542486
1165,ancurl*1+familyid,215.03267973856208
1166,ancurl*yahoo.com,4.878100915618209
1167,ancurl*page,7.3408166458072595
1168,ancurl*theinternetadvantage.com,1.627659574468085
1169,ancurl*runofsite,79.86928104575163
1170,ancurl*romancebooks,1.627659574468085
1171,ancurl*francois,2.115957446808511
1172,ancurl*links,4.882978723404255
1173,ancurl*athens+forum,2.9297872340425535
1174,ancurl*site+sw,61.43790849673202
1175,ancurl*autotown.com,1.7904255319148938
1176,ancurl*amazon.com,1.627659574468085
1177,ancurl*site+ne,61.43790849673202
1178,ancurl*qual,92.15686274509804
1179,ancurl*members,2.075879293561396
1180,ancurl*exe,125.78846011217729
1181,ancurl*pratchett,2.2787234042553193
1182,ancurl*afn47757,4.720212765957447
1183,ancurl*esi,1.9531914893617026
1184,ancurl*1154+linkpg,8.626595744680852
1185,ancurl*desc,61.43790849673202
1186,ancurl*forum+8078,2.9297872340425535
1187,ancurl*topic,3.0925531914893614
1188,ancurl*bin+acc,147.45098039215685
1189,ancurl*valley,1.4030178347934918
1190,ancurl*delv,92.15686274509804
1191,ancurl*family,1.3021276595744682
1192,ancurl*lspace.org,2.2787234042553193
1193,ancurl*www.pacificrim.net,9.440425531914894
1194,ancurl*about,0.029830691141704915
1195,ancurl*webring+ring,10.905319148936172
1196,ancurl*www.likesbooks.com,5.208510638297873
1197,ancurl*bossintl.com,1.09303395116912
1198,ancurl*runid,463.3434324155194
1199,ancurl*wednet.com,0.31987264172808616
1200,ancurl*news.com,61.43790849673202
1201,ancurl*lycos.co.uk,73.72549019607843
1202,ancurl*arvann+images,9.440425531914894
1203,ancurl*526+redirect,92.15686274509804
1204,ancurl*ads+msn,92.15686274509804
1205,ancurl*netscape.com,33.49661596226052
1206,ancurl*athens+8774,2.2787234042553193
1207,ancurl*click+profileid,267.01901045288093
1208,ancurl*qual+mc,86.01307189542486
1209,ancurl*homestead+ans,1.627659574468085
1210,ancurl*paul.spu.edu,2.6042553191489364
1211,ancurl*dll,164.16878593452546
1212,ancurl*readersndex,1.4648936170212767
1213,ancurl*dir,102.02664574103873
1214,ancurl*rank,2.9297872340425535
1215,ancurl*2meta.com,1.4881035156379339
1216,ancurl*Lpage.com,1.627659574468085
1217,ancurl*emailme,3.0925531914893614
1218,ancurl*event+ng,463.3434324155194
1219,ancurl*3a+2fcrawler,61.43790849673202
1220,ancurl*cgiadman+dll,61.43790849673202
1221,ancurl*aol.com,5.501203336321704
1222,ancurl*lg+gif,79.86928104575163
1223,ancurl*magic,71.87876859963843
1224,ancurl*bin+ad,109.00356313447365
1225,ancurl*www.worlddrug.com,1.9531914893617026
1226,ancurl*ring+midnight,2.4414893617021276
1227,ancurl*irish-times.com,92.15686274509804
1228,ancurl*download,0.12462491694865499
1229,ancurl*http+www,440.4651919441344
1230,ancurl*homepage,26.05106452510082
1231,ancurl*midnight+id,2.2787234042553193
1232,ancurl*ad.doubleclick.net,73.72549019607843
1233,ancurl*exec,7.3408166458072595
1234,ancurl*mem+1,61.43790849673202
1235,ancurl*msn+com,92.15686274509804
1236,ancurl*preferences,79.86928104575163
1237,ancurl*contact,1.627659574468085
1238,ancurl*bars,3.25531914893617
1239,ancurl*products,0.42939144015489455
1240,ancurl*www.geocities.com,30.15118204711535
1241,ancurl*www.carousel.org,3.418085106382979
1242,ancurl*spu.edu,2.6042553191489364
1243,ancurl*com,1027.5898024704795
1244,ancurl*cnm,3.5808510638297877
1245,ancurl*webring+home,2.115957446808511
1246,ancurl*link+pics,2.6042553191489364
1247,ancurl*cid,251.8954248366013
1248,ancurl*psu.edu,1.7904255319148938
1249,ancurl*ads+redirect,79.86928104575163
1250,ancurl*cfm,31.515227999646026
1251,ancurl*www.grouper.com,2.115957446808511
1252,ancurl*member,0.31987264172808616
1253,ancurl*index,0.04638742194681026
1254,ancurl*cat,179.43363132487036
1255,ancurl*www.dreamn.com,1.627659574468085
1256,ancurl*afn47757+clawring,2.115957446808511
1257,ancurl*switchboard.com,61.43790849673202
1258,ancurl*ad+preferences,36.86274509803921
1259,ancurl*inwap,1.7904255319148938
1260,ancurl*adcount,86.01307189542486
1261,ancurl*martnet.com,0.0009615193595168572
1262,ancurl*thejeep.com,17.14656354631323
1263,ancurl*search,0.11932276456681966
1264,ancurl*shtml,0.44007028988255525
1265,ancurl*www+yahoo,67.58169934640523
1266,ancurl*desc+4,61.43790849673202
1267,ancurl*cats,6.836170212765958
1268,ancurl*pitcairn,1.7904255319148938
1269,ancurl*www.access.ch,1.627659574468085
1270,ancurl*runofsite+any,79.86928104575163
1271,ancurl*url,127.38076248692511
1272,ancurl*dejay,2.4414893617021276
1273,ancurl*gallery,1.627659574468085
1274,ancurl*bishop,1.627659574468085
1275,ancurl*features+forums,3.0925531914893614
1276,ancurl*area,165.8823529411765
1277,ancurl*www.mcs.csuhayward.edu,2.115957446808511
1278,ancurl*bin,208.96272872331005
1279,ancurl*bds,3.5808510638297877
1280,ancurl*www.wco.com,3.5808510638297877
1281,ancurl*www.toyotaofroswell.com,2.2787234042553193
1282,ancurl*www.copymat.com,1.627659574468085
1283,ancurl*go2net.com,98.30065359477123
1284,ancurl*delv+dir,92.15686274509804
1285,ancurl*slake.com,2.4414893617021276
1286,ancurl*www+readersndex,1.4648936170212767
1287,ancurl*www.theinternetadvantage.com,1.627659574468085
1288,ancurl*edition+cnet,147.45098039215685
1289,ancurl*tkaine,10.905319148936172
1290,ancurl*catring,2.2787234042553193
1291,ancurl*asp,8.51703634172345
1292,ancurl*art,1.627659574468085
1293,ancurl*relocate,135.16339869281046
1294,ancurl*468x60+runofsite,55.294117647058826
1295,ancurl*valley+2647,1.0662584987991748
1296,ancurl*any,86.01307189542486
1297,ancurl*ans,2.115957446808511
1298,ancurl*corridor,2.767021276595745
1299,ancurl*amp,0.0004807596797584286
1300,ancurl*top,0.1327833402864692
1301,ancurl*pacificrim.net,9.440425531914894
1302,ancurl*image,170.30302901775366
1303,ancurl*heartland+valley,1.4030178347934918
1304,ancurl*tii,0.29921846752885545
1305,ancurl*123greetings.com,1.9531914893617026
1306,ancurl*ads,127.38076248692511
1307,ancurl*www.yahoo.com,5.5897093589208735
1308,ancurl*cuteftp,0.8138297872340425
1309,ancurl*acc,165.8823529411765
1310,ancurl*bin+search,3.0925531914893614
1311,ancurl*www.shareware.com,61.43790849673202
1312,ancurl*dir+qual,92.15686274509804
1313,ancurl*globec.com.au,10.905319148936172
1314,ancurl*www.news-observer.com,0.6697279006165114
1315,ancurl*index+htm,1.3451150743985536
1316,ancurl*xmission.com,1.627659574468085
1317,ancurl*ukie+s,79.86928104575163
1318,ancurl*629+redirect,73.72549019607843
1319,ancurl*pointe,6.937693073683374
1320,ancurl*www.ems.psu.edu,1.7904255319148938
1321,ancurl*http+ads,92.15686274509804
1322,ancurl*members.aol.com,4.550471286940654
1323,ancurl*www.xmission.com,1.627659574468085
1324,ancurl*yahoo.co.uk,71.80212939785844
1325,ancurl*ring+kat001,1.9531914893617026
1326,ancurl*msn.com,98.30065359477123
1327,ancurl*groupid,294.9019607843137
1328,ancurl*geoguide+geoguide,7.650000000000002
1329,ancurl*sanjosesabercats.com,1.9531914893617026
1330,ancurl*excite,43.00653594771243
1331,ancurl*april+fools,2.4414893617021276
1332,ancurl*slagen,30.71895424836601
1333,ancurl*link,0.44476263318566195
1334,ancurl*tour+member,1.627659574468085
1335,ancurl*uk,144.6376313646026
1336,ancurl*people,2.115957446808511
1337,ancurl*sw,61.43790849673202
1338,ancurl*sv,98.30065359477123
1339,ancurl*st,104.44444444444446
1340,ancurl*sj,1.9531914893617026
1341,ancurl*pl,85.51445824374485
1342,ancurl*pk,116.73202614379088
1343,ancurl*www.bossintl.com,1.09303395116912
1344,ancurl*ng,604.5578788480207
1345,ancurl*ne,61.43790849673202
1346,ancurl*mc,86.01307189542486
1347,ancurl*lg,60.110346700737026
1348,ancurl*spacedesc,92.15686274509804
1349,ancurl*it,1.9531914893617026
1350,ancurl*ie,4.939607048493157
1351,ancurl*id,24.01111729940203
1352,ancurl*go,1.2065133500208594
1353,ancurl*gg,47.98098247809762
1354,ancurl*homestead,1.627659574468085
1355,ancurl*bin+nph,104.44444444444446
1356,ancurl*peace,1.7904255319148938
1357,ancurl*t+s,61.43790849673202
1358,ancurl*de,18.09268391044361
1359,ancurl*co,102.8816316448192
1360,ancurl*dreamn.com,1.627659574468085
1361,ancurl*plx+http,86.01307189542486
1362,ancurl*ad,258.788985142103
1363,ancurl*rnd,1.4648936170212767
1364,ancurl*dumble,0.08291364205256563
1365,ancurl*kandinsky+p,2.4414893617021276
1366,ancurl*linkpg,8.626595744680852
1367,ancurl*webring,13.672340425531916
1368,ancurl*ref,31.515227999646026
1369,ancurl*www.2meta.com,1.4881035156379339
1370,ancurl*ran,2.6042553191489364
1371,ancurl*ukonline.co.uk,0.08291364205256563
1372,ancurl*www.Lpage.com,1.627659574468085
1373,ancurl*2fwww,309.9374465556694
1374,ancurl*ring+claw,2.2787234042553193
1375,ancurl*midnight,2.4414893617021276
1376,ancurl*hotwired.com,135.16339869281046
1377,ancurl*how+htm,3.9063829787234052
1378,ancurl*tm.fr,1.627659574468085
1379,ancurl*ora.com,1.7904255319148938
1380,ancurl*marketing,19.278543086265238
1381,ancurl*toyotaofroswell.com,2.2787234042553193
1382,ancurl*heartland,12.00766306522609
1383,ancurl*s+b,61.43790849673202
1384,ancurl*mcet.edu,1.9531914893617026
1385,ancurl*clickthru,172.02614379084972
1386,ancurl*enchantedforest,0.29921846752885545
1387,ancurl*clawring,2.115957446808511
1388,ancurl*news-observer.com,0.6697279006165114
1389,ancurl*plains,0.1327833402864692
1390,ancurl*entry,2.115957446808511
1391,ancurl*acc+clickthru,165.8823529411765
1392,ancurl*3a,67.58169934640523
1393,ancurl*www.irish-times.com,92.15686274509804
1394,ancurl*2f,457.2048988802811
1395,ancurl*dll+type,61.43790849673202
1396,ancurl*soho,0.22003514494127763
1397,ancurl*features,1.4881035156379339
1398,ancurl*adclick+id,92.15686274509804
1399,ancurl*click,814.7100844130008
1400,ancurl*preferences+com,79.86928104575163
1401,ancurl*claw+id,2.115957446808511
1402,ancurl*url+http,86.01307189542486
1403,ancurl*microsoft.com,4.39468085106383
1404,ancurl*excite.com,116.73202614379088
1405,ancurl*web.ukonline.co.uk,0.08291364205256563
1406,ancurl*gort.ucsd.edu,1.9531914893617026
1407,ancurl*com+home,1.4648936170212767
1408,ancurl*2fcgi,73.72549019607843
1409,ancurl*pub,1.7904255319148938
1410,ancurl*bin+adcount,86.01307189542486
1411,ancurl*mc+3a,61.43790849673202
1412,ancurl*phoenix.mcet.edu,1.7904255319148938
1413,ancurl*plx,98.30065359477123
1414,ancurl*inwap.com,1.7904255319148938
1415,ancurl*www.cob.sjsu.edu,1.7904255319148938
1416,ancurl*www.thejeep.com,17.14656354631323
1417,ancurl*tour,2.2787234042553193
1418,ancurl*www.sanjosesabercats.com,1.9531914893617026
1419,ancurl*mei.co.jp,1.627659574468085
1420,ancurl*geoguide+sendform,3.0925531914893614
1421,ancurl*services,2.115957446808511
1422,ancurl*type+click,463.3434324155194
1423,ancurl*tagvalues,294.9019607843137
1424,ancurl*profileid,463.3434324155194
1425,ancurl*zueri.ch,1.4648936170212767
1426,ancurl*arvann,9.440425531914894
1427,ancurl*tagvalues+13,122.87581699346404
1428,alt*your,84.66573523617485
1429,alt*and,32.88110186466026
1430,alt*top,0.7978832047003198
1431,alt*all,6.462445578340446
1432,alt*email,0.3492225731900325
1433,alt*out,5.616022806285635
1434,alt*our,43.94518147684607
1435,alt*here,576.6482672053518
1436,alt*the,16.410945906408987
1437,alt*download,47.919179066425635
1438,alt*netscape,3.9555907558058685
1439,alt*what,0.1327833402864692
1440,alt*explorer,0.6697279006165114
1441,alt*more,5.484200985358683
1442,alt*for+a,36.18536782088722
1443,alt*take+a,1.627659574468085
1444,alt*kitty,2.115957446808511
1445,alt*visit+our,86.01307189542486
1446,alt*link,0.1327833402864692
1447,alt*wacky,1.627659574468085
1448,alt*like,3.418085106382979
1449,alt*heartland,1.627659574468085
1450,alt*visit+the,1.7904255319148938
1451,alt*romance,1.7904255319148938
1452,alt*online,46.74527516120297
1453,alt*products,0.29921846752885545
1454,alt*now,40.838548424994855
1455,alt*click+here,598.4761298369539
1456,alt*pages+like,3.0925531914893614
1457,alt*rank,2.9297872340425535
1458,alt*information,0.4488277012932832
1459,alt*us,3.0925531914893614
1460,alt*send+this,3.0925531914893614
1461,alt*up,17.578072590738422
1462,alt*to,53.26887180404078
1463,alt*chat,1.779239750170806
1464,alt*new,6.521327585407685
1465,alt*net,15.022329047673228
1466,alt*my+site,2.9297872340425535
1467,alt*search,0.7562412574541707
1468,alt*this,0.32151396141728883
1469,alt*on,9.756201831236417
1470,alt*of,0.0124387589187339
1471,alt*links,2.4414893617021276
1472,alt*bytes,2.115957446808511
1473,alt*my,5.696808510638298
1474,alt*me,2.075879293561396
1475,alt*picture,2.115957446808511
1476,alt*club,0.07044140142498384
1477,alt*pages,0.8587828803097891
1478,alt*this+page,3.0925531914893614
1479,alt*in,1.1968738701154218
1480,alt*on+the,0.005507347146896592
1481,alt*guestbook,3.9063829787234052
1482,alt*by,0.002392194788940721
1483,alt*click,624.5390113319156
1484,alt*at,72.3188156823013
1485,alt*ad,66.22066525464521
1486,alt*mine,3.25531914893617
1487,alt*amazon+com,4.570562319060442
1488,alt*web,4.447669021142329
1489,alt*next,0.18693737542298244
1490,alt*news,0.54651697558456
1491,alt*info,0.07044140142498384
1492,alt*join,0.29921846752885545
1493,alt*of+the,0.19023816320107725
1494,alt*book,15.072948824920044
1495,alt*amazon,3.726472905947249
1496,alt*forums,3.418085106382979
1497,alt*back,3.0925531914893614
1498,alt*next+site,2.115957446808511
1499,alt*a+tour,1.627659574468085
1500,alt*com,58.77872514253928
1501,alt*microsoft,20.204422484123675
1502,alt*geocities,3.8539151949195762
1503,alt*ring,4.231914893617022
1504,alt*cat,5.371276595744681
1505,alt*send,3.418085106382979
1506,alt*internet+explorer,0.31987264172808616
1507,alt*banner,32.94240878020602
1508,alt*home+page,2.767021276595745
1509,alt*internet,0.7854207379106928
1510,alt*find,38.355952877604956
1511,alt*cool,1.627659574468085
1512,alt*my+guestbook,1.7904255319148938
1513,alt*here+for,295.3774167026522
1514,alt*with,8.384564038381312
1515,alt*get,11.764362136698653
1516,alt*take,0.31987264172808616
1517,alt*tour,2.115957446808511
1518,alt*site,4.0353452231956615
1519,alt*to+visit,23.72641192115144
1520,alt*rank+my,2.9297872340425535
1521,alt*from,34.56321559356603
1522,alt*page,6.777624050264851
1523,alt*graphic,2.6042553191489364
1524,alt*like+mine,3.0925531914893614
1525,alt*email+me,3.0925531914893614
1526,alt*visit,61.523254067584475
1527,alt*free,58.272670075486104
1528,alt*the+kat,1.627659574468085
1529,alt*award,7.8127659574468105
1530,alt*services,2.4698035242465783
1531,alt*about,0.19023816320107725
1532,alt*for,359.3938429981922
1533,alt*here+to,58.77872514253928
1534,alt*network,0.15992781380766363
1535,alt*you,15.434509231310383
1536,alt*logo,0.930110350356246
1537,alt*home,8.138297872340425
1538,alt*kat,3.7436170212765965
1539,caption*and,20.204422484123675
1540,caption*home+page,1.627659574468085
1541,caption*click+here,161.80970132041745
1542,caption*the,2.009770598992976
1543,caption*pratchett,1.9531914893617026
1544,caption*here+for,65.9792882442923
1545,caption*site,0.1327833402864692
1546,caption*page,2.9297872340425535
1547,caption*to,0.07034856939229592
1548,caption*of,3.25531914893617
1549,caption*home,2.4414893617021276
1550,caption*my,1.9531914893617026
1551,caption*your,8.613113614240023
1552,caption*in,5.616022806285635
1553,caption*bytes,3.418085106382979
1554,caption*here,167.71712673248967
1555,caption*click,179.5642092072161
1556,caption*for,47.45282384230288
1557,caption*you,2.8080114031428174
